,path,label
0,0dd7912397dda144a3db0a9eb9b7d0a20df486cf.jpg,[1.]
1,18d8bc3eb13533fa51d47487a2d3fd1f41345b3d.jpg,[1.]
2,00e93901213fb80ec3aeeeca3ad12f2eb93894b4.jpg,[1.]
3,09fa513d269759ee296d4151b9fb43166d22df6e.jpg,[1.]
4,1b4c510fd9f9d72a137df49edf2a2834349bbb1c.jpg,[1.]
5,1e30e924b899a901d6ad172417950a7b0208f50c.jpg,[1.]
6,0b46f21fbe096b63c637676b06338744ebf8acda.jpg,[1.]
7,14ce36d3d539b600070d292de250352ac75cb76c.jpg,[1.]
8,08f790529822720ed5f58c7070cb0a46f21fab05.jpg,[1.]
9,0b46f21fbe096b63e0864f4e00338744ebf8ac14.jpg,[1.]
10,0dd7912397dda1444d90db17b8b7d0a20df486fe.jpg,[1.]
11,0823dd54564e9258fd77debe9782d158ccbf4e1a.jpg,[1.]
12,0b46f21fbe096b639f03b9ee07338744ebf8ac72.jpg,[1.]
13,0b46f21fbe096b63070a21cb07338744ebf8ac1e.jpg,[1.]
14,0e2442a7d933c895679e84e9da1373f0830200bb.jpg,[1.]
15,0824ab18972bd407d35a166170899e510eb30989.jpg,[1.]
16,1b4c510fd9f9d72a0be0fc1bdf2a2834349bbb34.jpg,[1.]
17,09fa513d269759eef4830a58b9fb43166c22df56.jpg,[1.]
18,0b55b319ebc4b7457e2e37d5c4fc1e178b8215be.jpg,[1.]
19,279759ee3d6d55fb2537d0f166224f4a21a4dd70.jpg,[1.]
20,08f790529822720e96374eeb77cb0a46f21fab22.jpg,[1.]
21,0dd7912397dda14445b121aebeb7d0a20cf48676.jpg,[1.]
22,0ff41bd5ad6eddc4a1ec5ddf32dbb6fd5266338f.jpg,[1.]
23,203fb80e7bec54e78633ea3ab2389b504fc26a33.jpg,[1.]
24,0824ab18972bd4071fc04a2670899e510eb309e1.jpg,[1.]
25,0b55b319ebc4b74527db0c84c4fc1e178b8215d0.jpg,[1.]
26,024f78f0f736afc3d50e4b43b819ebc4b7451291.jpg,[1.]
27,0df3d7ca7bcb0a461534efbb6063f6246b60af1a.jpg,[1.]
28,37d12f2eb9389b5091ac4ecc8e35e5dde6116ed9.jpg,[1.]
29,023b5bb5c9ea15cee43bae8fbd003af33b87b25b.jpg,[1.]
30,023b5bb5c9ea15cefcbf51afbc003af33b87b2c7.jpg,[1.]
31,0ff41bd5ad6eddc42275d82c32dbb6fd53663352.jpg,[1.]
32,08f790529822720eb010af6b70cb0a46f31fab41.jpg,[1.]
33,32fa828ba61ea8d3ae1317cb9e0a304e241f58cf.jpg,[1.]
34,18d8bc3eb13533fa81550701a3d3fd1f41345b39.jpg,[1.]
35,0b55b319ebc4b7450b03288ac4fc1e178b821592.jpg,[1.]
36,0b7b02087bf40ad142810bc15c2c11dfa9ecceaf.jpg,[1.]
37,0e2442a7d933c895e46a077eda1373f08202009a.jpg,[1.]
38,10dfa9ec8a136327ff5873279b8fa0ec08fac769.jpg,[1.]
39,35a85edf8db1cb13844dcf0ad154564e92584b87.jpg,[1.]
40,09fa513d269759eef4c30a44b9fb43166c22dfaa.jpg,[1.]
41,0b55b319ebc4b745a0e78d47c4fc1e178a82156b.jpg,[1.]
42,08f790529822720ee99999e177cb0a46f21fab52.jpg,[1.]
43,0df431adcbef7609f71a02d924dda3cc7cd99e67.jpg,[1.]
44,1b4c510fd9f9d72a30aad636d82a2834359bbbcb.jpg,[1.]
45,1c950a7b02087bf4aa101acdf9d3572c11dfcf12.jpg,[1.]
46,1ad5ad6eddc451da86b0ffcfbdfd5266d016324b.jpg,[1.]
47,0b55b319ebc4b7450490298ac4fc1e178a821521.jpg,[1.]
48,0b7b02087bf40ad1b65bb73d5c2c11dfa8ecceb5.jpg,[1.]
49,1e30e924b899a901d65b16a716950a7b0208f531.jpg,[1.]
50,024f78f0f736afc35d4ec1a3ba19ebc4b64512b1.jpg,[1.]
51,0bd162d9f2d3572ca9a3cf188313632763d0c3b5.jpg,[1.]
52,0823dd54564e92586e0868509682d158ccbf4e54.jpg,[1.]
53,0bd162d9f2d3572ce9278d018113632763d0c322.jpg,[1.]
54,0e2442a7d933c895558ff6e4da1373f0830200bf.jpg,[1.]
55,18d8bc3eb13533fac34ec506a3d3fd1f41345b19.jpg,[1.]
56,14ce36d3d539b6002a827a0ee250352ac65cb73e.jpg,[1.]
57,0dd7912397dda1447736de20b9b7d0a20cf48661.jpg,[1.]
58,060828381f30e9247ebae01c40086e061d95f785.jpg,[1.]
59,03087bf40ad162d9848ff3c31adfa9ec8b13cd88.jpg,[1.]
60,0823dd54564e92581893631d9782d158cdbf4e9a.jpg,[1.]
61,0823dd54564e9258dd9d3efc9782d158ccbf4e72.jpg,[1.]
62,0b55b319ebc4b745510663b8c5fc1e178b821589.jpg,[1.]
63,0d338744ebf81a4c314d3866dc2a6059252da626.jpg,[1.]
64,0dd7912397dda1445b6a35a1b8b7d0a20cf48646.jpg,[1.]
65,37d3d539b6003af35e73054f392ac65c1138b6d0.jpg,[1.]
66,024f78f0f736afc3d8a447d8b919ebc4b64512e6.jpg,[1.]
67,1c950a7b02087bf4408aaffbfed3572c11dfcfba.jpg,[1.]
68,0b7b02087bf40ad12e0f3ef15b2c11dfa9ecce3d.jpg,[1.]
69,1e30e924b899a901deb4efff17950a7b0308f572.jpg,[1.]
70,242dd42a2834349b14856822c3ea15ce37d3be91.jpg,[1.]
71,0d338744ebf81a4c2b8c1e07dc2a6059242da646.jpg,[1.]
72,03087bf40ad162d9c365bf0f1ddfa9ec8a13cd1e.jpg,[1.]
73,1e30e924b899a901e4d7071811950a7b0208f53a.jpg,[1.]
74,03087bf40ad162d98a90f5771adfa9ec8a13cd5b.jpg,[1.]
75,03087bf40ad162d93c761c0d1ddfa9ec8a13cd03.jpg,[1.]
76,03087bf40ad162d94b0b36341adfa9ec8a13cd35.jpg,[1.]
77,09fa513d269759ee30db4eeab9fb43166d22df03.jpg,[1.]
78,0df3d7ca7bcb0a4612c8e7bf6163f6246a60af4a.jpg,[1.]
79,267f9e2f07082838e2a0f8c8b399a9014d08f1b9.jpg,[1.]
80,1ad5ad6eddc451da900f853dbdfd5266d116326e.jpg,[1.]
81,0dd7912397dda144c514a014b9b7d0a20cf48673.jpg,[1.]
82,09fa513d269759eead3acc15b8fb43166c22df82.jpg,[1.]
83,0b55b319ebc4b74546b46e07c3fc1e178a8215fa.jpg,[1.]
84,0e2442a7d933c895274e47b8db1373f0830200c5.jpg,[1.]
85,060828381f30e9240883c9b747086e061d95f715.jpg,[1.]
86,0df3d7ca7bcb0a46f24486a36063f6246a60afc1.jpg,[1.]
87,0b46f21fbe096b63d0107d1c06338744ebf8ac74.jpg,[1.]
88,0824ab18972bd407b9d6ac6670899e510fb30913.jpg,[1.]
89,0824ab18972bd4072f5c5b5171899e510eb30986.jpg,[1.]
90,0b55b319ebc4b7458043ad58c4fc1e178b8215ac.jpg,[1.]
91,1ad5ad6eddc451da181d0d3dbdfd5266d1163278.jpg,[1.]
92,267f9e2f070828383e1007b3b299a9014c08f17c.jpg,[1.]
93,0d338744ebf81a4c7ef4cb50dc2a6059242da660.jpg,[1.]
94,023b5bb5c9ea15ce815e400bba003af33a87b204.jpg,[1.]
95,0ff41bd5ad6eddc48a04734633dbb6fd536633a8.jpg,[1.]
96,1e30e924b899a901603089fc17950a7b0308f5f7.jpg,[1.]
97,00e93901213fb80ec6ebe1ce3ad12f2eb93894f5.jpg,[1.]
98,1b4c510fd9f9d72a94d47588df2a2834359bbbf7.jpg,[1.]
99,0df3d7ca7bcb0a46c95043b46063f6246a60afc9.jpg,[1.]
100,21a4462309f790523fc0f9a107f3d7ca7acbd556.jpg,[1.]
101,2e2eb9389b504fc2cd05e7b0eedde71190ef6d28.jpg,[1.]
102,00e93901213fb80ed03e9cc63dd12f2eb9389430.jpg,[1.]
103,08f790529822720ee3de922470cb0a46f31fabd8.jpg,[1.]
104,00e93901213fb80e53931f1e3dd12f2eb83894bc.jpg,[1.]
105,0e2442a7d933c8951be8b8d9da1373f0830200f9.jpg,[1.]
106,10dfa9ec8a136327a412adea9a8fa0ec09fac768.jpg,[1.]
107,023b5bb5c9ea15ce42b60c40bd003af33a87b21b.jpg,[1.]
108,11385343fbf2b211e267595fc08065380cd78e52.jpg,[1.]
109,0b46f21fbe096b635ed3f94f00338744eaf8ace3.jpg,[1.]
110,18d8bc3eb13533fa4ae77a30a3d3fd1f41345b5f.jpg,[1.]
111,1c950a7b02087bf45baea527f9d3572c10dfcfba.jpg,[1.]
112,10dfa9ec8a136327ef3e63719b8fa0ec09fac7a5.jpg,[1.]
113,0e2442a7d933c8958a132e64dd1373f0820200bb.jpg,[1.]
114,00e93901213fb80ed7b09d1d3fd12f2eb8389493.jpg,[1.]
115,0823dd54564e9258bd679ea59782d158ccbf4e2d.jpg,[1.]
116,14ce36d3d539b600459fea9ce550352ac65cb74c.jpg,[1.]
117,0df3d7ca7bcb0a466e8122a76063f6246a60af89.jpg,[1.]
118,0bd162d9f2d3572c445d6e1c8113632763d0c3b7.jpg,[1.]
119,0b46f21fbe096b632c5308be05338744eaf8ac92.jpg,[1.]
120,0dd7912397dda1441744fe27b9b7d0a20df486d2.jpg,[1.]
121,08f790529822720e29ebd89670cb0a46f21fabb0.jpg,[1.]
122,00e93901213fb80ed43b916d3cd12f2eb83894a6.jpg,[1.]
123,0eb30f2442a7d933c4e60380a64bd11372f001f2.jpg,[1.]
124,023b5bb5c9ea15cee6bba8c4bd003af33b87b2a2.jpg,[1.]
125,024f78f0f736afc32e949ce7b819ebc4b6451293.jpg,[1.]
126,1c950a7b02087bf4f268434ef8d3572c10dfcf95.jpg,[1.]
127,1f178a82b9014a90ab52efdaa2773912b31bee6d.jpg,[1.]
128,0b7b02087bf40ad181a9c43b5c2c11dfa8ecce9d.jpg,[1.]
129,08f790529822720e794c683970cb0a46f31fab77.jpg,[1.]
130,0e2442a7d933c895228a4654dd1373f08202002d.jpg,[1.]
131,1c950a7b02087bf44ca5b026f9d3572c10dfcfb0.jpg,[1.]
132,0df431adcbef76094e68c81e25dda3cc7dd99ecb.jpg,[1.]
133,00e93901213fb80e96dad2013dd12f2eb83894d9.jpg,[1.]
134,0dd7912397dda14431129c2bb9b7d0a20cf48614.jpg,[1.]
135,0b55b319ebc4b745784f358ac4fc1e178b821556.jpg,[1.]
136,32fa828ba61ea8d33d68a6d29c0a304e241f589a.jpg,[1.]
137,1c950a7b02087bf420af8c35f9d3572c10dfcfaf.jpg,[1.]
138,0ff41bd5ad6eddc4123909e835dbb6fd536633c2.jpg,[1.]
139,024f78f0f736afc35bd6c12ab819ebc4b64512a2.jpg,[1.]
140,2e2eb9389b504fc261924385eedde71191ef6d65.jpg,[1.]
141,0dd7912397dda1441005ff7ebbb7d0a20df486ea.jpg,[1.]
142,09fa513d269759ee03c8bfadb9fb43166d22df38.jpg,[1.]
143,0df431adcbef7609b8e1da0e25dda3cc7dd99ebd.jpg,[1.]
144,14ce36d3d539b60064cdc914e350352ac65cb716.jpg,[1.]
145,377adab44aed2e73b05e79328c01a18b87d6fa7d.jpg,[1.]
146,09fa513d269759eee7d51bd6b9fb43166d22df22.jpg,[1.]
147,1ad5ad6eddc451daccc2b84ebcfd5266d016325a.jpg,[1.]
148,0824ab18972bd407f9aeec4d70899e510fb30910.jpg,[1.]
149,1c950a7b02087bf4400caffbfed3572c10dfcfc4.jpg,[1.]
150,1ad5ad6eddc451dafae76bc7bdfd5266d016328c.jpg,[1.]
151,0b46f21fbe096b63afbd895607338744ebf8ac14.jpg,[1.]
152,0824ab18972bd4076ce99bec70899e510fb309f0.jpg,[1.]
153,0e2442a7d933c895abc9c8a1da1373f0830200b0.jpg,[1.]
154,29381f30e924b8998dd6a1e465061d950b7bf600.jpg,[1.]
155,0df3d7ca7bcb0a461bf1f0146763f6246a60afc8.jpg,[1.]
156,00e93901213fb80e16af52023dd12f2eb83894ec.jpg,[1.]
157,0bd162d9f2d3572cf00395748013632763d0c3b1.jpg,[1.]
158,1f178a82b9014a903eb64101a3773912b21bee86.jpg,[1.]
159,0df3d7ca7bcb0a461e53f2b36063f6246a60afc3.jpg,[1.]
160,0b55b319ebc4b7457bde38d1c4fc1e178b8215aa.jpg,[1.]
161,0b7b02087bf40ad122372bd15c2c11dfa9ecce35.jpg,[1.]
162,18d8bc3eb13533fa1638b6e6a3d3fd1f40345b6f.jpg,[1.]
163,08f790529822720efef7957d70cb0a46f21fab78.jpg,[1.]
164,0df3d7ca7bcb0a4603a1f96b6063f6246a60afe5.jpg,[1.]
165,023b5bb5c9ea15ce0487ced6bd003af33b87b287.jpg,[1.]
166,0b55b319ebc4b7454efa6717c4fc1e178a821540.jpg,[1.]
167,0df431adcbef7609f9b7144024dda3cc7dd99eb5.jpg,[1.]
168,0e2442a7d933c895d20f712ada1373f082020069.jpg,[1.]
169,0b7b02087bf40ad1de90af3a5c2c11dfa8eccef7.jpg,[1.]
170,10dfa9ec8a1363273b5130fd9a8fa0ec09fac744.jpg,[1.]
171,0e2442a7d933c895666f85f6da1373f08202002d.jpg,[1.]
172,1c950a7b02087bf4353fbbc9f9d3572c11dfcf3b.jpg,[1.]
173,0d338744ebf81a4c8b50be10dc2a6059242da68d.jpg,[1.]
174,0dd7912397dda144ea3243a5b9b7d0a20cf486e9.jpg,[1.]
175,0b46f21fbe096b63fb8f458d07338744eaf8ac5c.jpg,[1.]
176,0ff41bd5ad6eddc4975386ce33dbb6fd5266334a.jpg,[1.]
177,1b4c510fd9f9d72a8e3c733fdf2a2834349bbbbc.jpg,[1.]
178,024f78f0f736afc38d43f0c6b919ebc4b64512c2.jpg,[1.]
179,279759ee3d6d55fb652c104966224f4a21a4ddf3.jpg,[1.]
180,10dfa9ec8a136327019d4ae59a8fa0ec09fac7f0.jpg,[1.]
181,0d338744ebf81a4cb6de8310dc2a6059242da67f.jpg,[1.]
182,11385343fbf2b21125d01390c18065380dd78e76.jpg,[1.]
183,024f78f0f736afc37698d74bbf19ebc4b7451203.jpg,[1.]
184,0824ab18972bd407782d6f6f70899e510eb309bd.jpg,[1.]
185,0b7b02087bf40ad18e5adf8d5c2c11dfa9ecce26.jpg,[1.]
186,0b46f21fbe096b637509d3cc07338744ebf8ac1e.jpg,[1.]
187,00e93901213fb80ec4b0e1993cd12f2eb938941f.jpg,[1.]
188,0eb30f2442a7d93398245fbaa64bd11372f0016e.jpg,[1.]
189,0e2442a7d933c8954384e0eeda1373f0830200a8.jpg,[1.]
190,37d3d539b6003af37a69f80b3e2ac65c1138b68d.jpg,[1.]
191,35a85edf8db1cb131d4d4984d654564e92584b04.jpg,[1.]
192,09fa513d269759eecf506243b8fb43166d22df32.jpg,[1.]
193,2cf5e0fe9925bc3137da104555df8db1ca137063.jpg,[1.]
194,0b55b319ebc4b74572be40aec5fc1e178a82155b.jpg,[1.]
195,0bd162d9f2d3572c4295602c8113632763d0c3cf.jpg,[1.]
196,0dd7912397dda144f1945c0eb9b7d0a20df486e8.jpg,[1.]
197,0e2442a7d933c8956c528ec6db1373f08202005a.jpg,[1.]
198,0824ab18972bd407f9c9efe677899e510fb3099a.jpg,[1.]
199,0b55b319ebc4b745c448e978c4fc1e178b8215fb.jpg,[1.]
200,09fa513d269759eef4370ad1b9fb43166d22df41.jpg,[1.]
201,09fa513d269759ee0e72a095b9fb43166d22df4a.jpg,[1.]
202,0df3d7ca7bcb0a4605f7fc846163f6246a60afb2.jpg,[1.]
203,0b7b02087bf40ad16790e7ab5d2c11dfa9ecce05.jpg,[1.]
204,0ff41bd5ad6eddc4640a17f935dbb6fd536633c6.jpg,[1.]
205,0b46f21fbe096b63d8de65ee06338744eaf8ac4c.jpg,[1.]
206,14ce36d3d539b600e35242d3e350352ac65cb732.jpg,[1.]
207,0b46f21fbe096b63a7e6819507338744eaf8ac7c.jpg,[1.]
208,08f790529822720eb5c1aced70cb0a46f21fab9e.jpg,[1.]
209,060828381f30e924518c8ebc47086e061d95f717.jpg,[1.]
210,0df431adcbef76096623915e24dda3cc7dd99ec2.jpg,[1.]
211,0b55b319ebc4b745e052d29dc5fc1e178b821572.jpg,[1.]
212,0d338744ebf81a4c4f21fd76dd2a6059252da679.jpg,[1.]
213,0ff41bd5ad6eddc42227db7133dbb6fd53663373.jpg,[1.]
214,0bd162d9f2d3572c8d3329ba8113632763d0c387.jpg,[1.]
215,2fdda3cc7cd98d10e12bb71f2d3fb80e7bec9025.jpg,[1.]
216,00e93901213fb80ee7d08cfb3cd12f2eb938949d.jpg,[1.]
217,0ff41bd5ad6eddc46eee0cd632dbb6fd52663395.jpg,[1.]
218,0df431adcbef7609811933ce25dda3cc7cd99e55.jpg,[1.]
219,1e30e924b899a901184ad0ba16950a7b0208f53b.jpg,[1.]
220,023b5bb5c9ea15ce386dea4cbd003af33b87b2f7.jpg,[1.]
221,0823dd54564e9258128c66fb9082d158ccbf4e6f.jpg,[1.]
222,0d338744ebf81a4c33f939e3dd2a6059242da6d5.jpg,[1.]
223,0b46f21fbe096b63cc776ad007338744eaf8acc7.jpg,[1.]
224,11385343fbf2b211995fffdbc18065380cd78e35.jpg,[1.]
225,0e2442a7d933c8957dce9f57dd1373f08202006d.jpg,[1.]
226,09fa513d269759ee20055970b8fb43166d22df37.jpg,[1.]
227,00e93901213fb80ebc8affc63ad12f2eb938944c.jpg,[1.]
228,1b4c510fd9f9d72a4c4c3d3cdf2a2834349bbbe2.jpg,[1.]
229,2e2eb9389b504fc2ae587a9ceedde71190ef6d20.jpg,[1.]
230,241f95cad1c8a7868db014a86c09c93d71cf50f9.jpg,[1.]
231,0b55b319ebc4b74519a31abec4fc1e178a821566.jpg,[1.]
232,2cf5e0fe9925bc31c0cbc7b755df8db1cb13700f.jpg,[1.]
233,024f78f0f736afc31dd28324b819ebc4b6451290.jpg,[1.]
234,08f790529822720e598d089270cb0a46f21fab13.jpg,[1.]
235,0dd7912397dda144794ad7f0b8b7d0a20cf48635.jpg,[1.]
236,21a4462309f790523101f89406f3d7ca7bcbd57a.jpg,[1.]
237,0bd162d9f2d3572cb272d0058113632763d0c353.jpg,[1.]
238,0823dd54564e9258f25dc44b9682d158ccbf4e2d.jpg,[1.]
239,2934349b033b5bb5af3df1d23ad3d539b600bc30.jpg,[1.]
240,0824ab18972bd40768319ee177899e510fb30933.jpg,[1.]
241,2cf5e0fe9925bc31173d778852df8db1cb1370b9.jpg,[1.]
242,342ac65c10385343e19c8fed9813b07ecb8088ae.jpg,[1.]
243,0ff41bd5ad6eddc49a5e809632dbb6fd52663325.jpg,[1.]
244,0d338744ebf81a4c3a670f9ddc2a6059252da609.jpg,[1.]
245,2cf5e0fe9925bc311e747a8c54df8db1cb1370fc.jpg,[1.]
246,024f78f0f736afc3935809feb819ebc4b64512d0.jpg,[1.]
247,14ce36d3d539b6007931376be250352ac75cb76a.jpg,[1.]
248,023b5bb5c9ea15ce4b960483bc003af33b87b2c4.jpg,[1.]
249,0df3d7ca7bcb0a46dc85b7226763f6246b60af01.jpg,[1.]
250,21a4462309f790529cef5f2900f3d7ca7bcbd530.jpg,[1.]
251,14ce36d3d539b60026bd0f9fe350352ac65cb7a2.jpg,[1.]
252,0824ab18972bd407a769a2d970899e510fb30963.jpg,[1.]
253,1e30e924b899a9011226db5617950a7b0208f5bb.jpg,[1.]
254,1b4c510fd9f9d72a77cd08c3df2a2834359bbb46.jpg,[1.]
255,21a4462309f79052eed3cf9b06f3d7ca7acbd543.jpg,[1.]
256,0eb30f2442a7d933c6dc1e61a14bd11373f001af.jpg,[1.]
257,060828381f30e9240d0cf2bb47086e061c95f794.jpg,[1.]
258,241f95cad1c8a786e84ef19c6c09c93d70cf503f.jpg,[1.]
259,024f78f0f736afc3061865deb919ebc4b7451270.jpg,[1.]
260,0df431adcbef76095163fc1424dda3cc7dd99ed4.jpg,[1.]
261,0bd162d9f2d3572cfd8d86cb8613632762d0c3be.jpg,[1.]
262,08f790529822720eb0faae9e71cb0a46f21fab9a.jpg,[1.]
263,1e30e924b899a90155ba971316950a7b0208f50c.jpg,[1.]
264,00e93901213fb80e729a381e3fd12f2eb83894ab.jpg,[1.]
265,359b033b5bb5c9ea1e877735de39b6003bf3b3eb.jpg,[1.]
266,21a4462309f790521361d5ab07f3d7ca7bcbd52d.jpg,[1.]
267,0eb30f2442a7d9334acf8fb8a44bd11372f00191.jpg,[1.]
268,0dd7912397dda1447776d109b8b7d0a20cf4860a.jpg,[1.]
269,0df431adcbef7609b71fc22424dda3cc7cd99e71.jpg,[1.]
270,0ff41bd5ad6eddc4d59cc95d32dbb6fd52663318.jpg,[1.]
271,0e2442a7d933c895cb19685fda1373f0820200aa.jpg,[1.]
272,09fa513d269759eef0550e41b9fb43166d22df37.jpg,[1.]
273,10dfa9ec8a136327c81d81a29a8fa0ec09fac7ab.jpg,[1.]
274,0df3d7ca7bcb0a4688f300aa6063f6246a60af54.jpg,[1.]
275,0823dd54564e925860085ac69682d158ccbf4ede.jpg,[1.]
276,0823dd54564e9258bcc99fa59782d158cdbf4eff.jpg,[1.]
277,0df431adcbef7609e7c4115c25dda3cc7dd99e22.jpg,[1.]
278,0dd7912397dda144b83f14a6b8b7d0a20cf486eb.jpg,[1.]
279,09fa513d269759ee8d2d2dc4b9fb43166d22df44.jpg,[1.]
280,023b5bb5c9ea15ce79ec2b1ebd003af33a87b2a3.jpg,[1.]
281,18d8bc3eb13533faa46ed973a2d3fd1f40345b96.jpg,[1.]
282,0824ab18972bd4075ecf8d3170899e510eb309f5.jpg,[1.]
283,09fa513d269759ee885c2618b9fb43166c22dfd1.jpg,[1.]
284,1b4c510fd9f9d72a7bc20cdadf2a2834359bbb56.jpg,[1.]
285,08f790529822720eda63892370cb0a46f31fabbe.jpg,[1.]
286,060828381f30e9240df4f2ae47086e061c95f7d9.jpg,[1.]
287,0df3d7ca7bcb0a460f8b83f36263f6246a60af4b.jpg,[1.]
288,267f9e2f07082838c369da54b299a9014c08f10e.jpg,[1.]
289,023b5bb5c9ea15cedc8eb621bd003af33a87b2b2.jpg,[1.]
290,024f78f0f736afc30eaa7f67bf19ebc4b7451209.jpg,[1.]
291,14ce36d3d539b6009c5a902be250352ac75cb792.jpg,[1.]
292,0bd162d9f2d3572c0cd156468113632762d0c37d.jpg,[1.]
293,00e93901213fb80e2ca7496f3cd12f2eb9389417.jpg,[1.]
294,241f95cad1c8a7862733be2d6c09c93d70cf50fc.jpg,[1.]
295,0df431adcbef76098ee5084325dda3cc7dd99e04.jpg,[1.]
296,1b4c510fd9f9d72ac4bd85e9df2a2834359bbb6d.jpg,[1.]
297,09fa513d269759ee518fe947b9fb43166c22df5b.jpg,[1.]
298,023b5bb5c9ea15cebe711062bd003af33a87b23a.jpg,[1.]
299,1e30e924b899a9013700f99e16950a7b0208f565.jpg,[1.]
300,024f78f0f736afc30f357c70bf19ebc4b74512ed.jpg,[1.]
301,203fb80e7bec54e78c60945fb2389b504ec26ae7.jpg,[1.]
302,18d8bc3eb13533fa3c9840d8a3d3fd1f41345b1e.jpg,[1.]
303,1b4c510fd9f9d72a5af52fb4df2a2834359bbb81.jpg,[1.]
304,1ad5ad6eddc451da42a5335bbdfd5266d016322a.jpg,[1.]
305,0e2442a7d933c895a851cba1da1373f082020038.jpg,[1.]
306,0df3d7ca7bcb0a466a691eee6063f6246a60af9a.jpg,[1.]
307,0eb30f2442a7d933507e9737a64bd11372f0019b.jpg,[1.]
308,08f790529822720ea115506870cb0a46f31fab4d.jpg,[1.]
309,0eb30f2442a7d93358839fdca64bd11373f00171.jpg,[1.]
310,00e93901213fb80edbef87543dd12f2eb9389473.jpg,[1.]
311,0e2442a7d933c895a44dc6c5db1373f082020058.jpg,[1.]
312,0bd162d9f2d3572c28f04de88013632762d0c3f0.jpg,[1.]
313,09fa513d269759ee9999d6d2befb43166c22dfda.jpg,[1.]
314,0b55b319ebc4b745d299e34bc4fc1e178a821559.jpg,[1.]
315,0b55b319ebc4b745f1b5c253c4fc1e178a821555.jpg,[1.]
316,3ac79f3df8dcd100c016f29c788b4710b8122f80.jpg,[1.]
317,09fa513d269759ee9c03d259b9fb43166c22dfd5.jpg,[1.]
318,241f95cad1c8a786e8aff1856c09c93d71cf50b7.jpg,[1.]
319,1f178a82b9014a905b8e3f70a2773912b21bee4f.jpg,[1.]
320,03087bf40ad162d9e970a8bd1adfa9ec8b13cdf1.jpg,[1.]
321,0dd7912397dda1449e77776fb9b7d0a20df486f4.jpg,[1.]
322,060828381f30e9246d6d932040086e061c95f7d2.jpg,[1.]
323,024f78f0f736afc31fef8dfdb819ebc4b6451242.jpg,[1.]
324,0df431adcbef76094e91c88525dda3cc7cd99e15.jpg,[1.]
325,00e93901213fb80e2a8176913dd12f2eb9389427.jpg,[1.]
326,18d8bc3eb13533fa0b89bdf1a3d3fd1f41345b35.jpg,[1.]
327,1b4c510fd9f9d72a99616e86df2a2834349bbb20.jpg,[1.]
328,1ad5ad6eddc451dae6fd5f3cbdfd5266d11632d9.jpg,[1.]
329,0df431adcbef7609a64ad1b924dda3cc7cd99e57.jpg,[1.]
330,0824ab18972bd407066e456e70899e510eb309f3.jpg,[1.]
331,0b46f21fbe096b639b0aa4f506338744ebf8ac00.jpg,[1.]
332,00e93901213fb80ec5f0e0ce3ad12f2eb9389482.jpg,[1.]
333,21a4462309f790523e2efe0107f3d7ca7bcbd5d8.jpg,[1.]
334,0b46f21fbe096b636a79f54500338744ebf8ac47.jpg,[1.]
335,0b7b02087bf40ad1dbe392655c2c11dfa9ecce35.jpg,[1.]
336,0824ab18972bd40722ed59de70899e510fb309ee.jpg,[1.]
337,18d8bc3eb13533fabe1fcceaa1d3fd1f40345b4c.jpg,[1.]
338,023b5bb5c9ea15ce6a1d27aabc003af33b87b2a6.jpg,[1.]
339,0823dd54564e9258d93622be9782d158ccbf4e5b.jpg,[1.]
340,37d12f2eb9389b5038b2d7d68e35e5dde6116ee0.jpg,[1.]
341,0b55b319ebc4b7450a352b8ec4fc1e178b821580.jpg,[1.]
342,060828381f30e924db6d07f846086e061c95f72a.jpg,[1.]
343,0b7b02087bf40ad197f6d6635c2c11dfa9ecce24.jpg,[1.]
344,0b46f21fbe096b63153132f206338744ebf8ac6c.jpg,[1.]
345,0ff41bd5ad6eddc4a61454a832dbb6fd536633f6.jpg,[1.]
346,023b5bb5c9ea15cec8588522bc003af33a87b263.jpg,[1.]
347,024f78f0f736afc3279b85f7b819ebc4b6451288.jpg,[1.]
348,060828381f30e9242170deeb47086e061c95f710.jpg,[1.]
349,0b46f21fbe096b634de8ea4206338744ebf8ac2b.jpg,[1.]
350,0b7b02087bf40ad17a80f3215c2c11dfa8ecce8f.jpg,[1.]
351,14ce36d3d539b60070a93d56e350352ac75cb7ef.jpg,[1.]
352,08f790529822720e5cef332070cb0a46f31fabc3.jpg,[1.]
353,03087bf40ad162d9218610411adfa9ec8a13cd07.jpg,[1.]
354,023b5bb5c9ea15ce268fe911ba003af33a87b240.jpg,[1.]
355,0df431adcbef7609201d525f25dda3cc7dd99ed8.jpg,[1.]
356,024f78f0f736afc3afaf12ddb919ebc4b64512e2.jpg,[1.]
357,0b55b319ebc4b7451f7e15cac5fc1e178b821507.jpg,[1.]
358,0b46f21fbe096b6369f1f79307338744eaf8ac0d.jpg,[1.]
359,0e2442a7d933c89503a3a0a2da1373f08302000d.jpg,[1.]
360,0bd162d9f2d3572c9a813b9e8013632762d0c315.jpg,[1.]
361,0d338744ebf81a4c8c83bd48dc2a6059242da6fa.jpg,[1.]
362,42166d224f4a20a49c325ceb9b529822720ed0ea.jpg,[1.]
363,0823dd54564e9258db883c1e9782d158cdbf4e85.jpg,[1.]
364,0b7b02087bf40ad1860ac7355c2c11dfa8ecce7e.jpg,[1.]
365,09fa513d269759ee8f48226eb8fb43166d22df7f.jpg,[1.]
366,0df431adcbef76090d898f1f25dda3cc7dd99eab.jpg,[1.]
367,0df3d7ca7bcb0a46058eff1f6063f6246b60af6c.jpg,[1.]
368,1ad5ad6eddc451da8135f74ebcfd5266d1163257.jpg,[1.]
369,0df431adcbef7609b9bfd4fb24dda3cc7cd99e1a.jpg,[1.]
370,0dd7912397dda1441842f52eb9b7d0a20df486e7.jpg,[1.]
371,1ad5ad6eddc451dac0e6b579bdfd5266d016320b.jpg,[1.]
372,3c6d55fbb2fb431694977bde2aa4462308f7d38e.jpg,[1.]
373,0b55b319ebc4b7454fd565b5c5fc1e178b8215cb.jpg,[1.]
374,0dd7912397dda144a6580f2eb9b7d0a20df486dc.jpg,[1.]
375,08f790529822720ee5f69c6170cb0a46f21fab75.jpg,[1.]
376,060828381f30e924c746382047086e061c95f7c5.jpg,[1.]
377,10dfa9ec8a1363277ad6ffa99a8fa0ec08fac774.jpg,[1.]
378,08f790529822720e4e0c25d670cb0a46f31fabd8.jpg,[1.]
379,1c950a7b02087bf4d68659c5fed3572c11dfcfb0.jpg,[1.]
380,10dfa9ec8a1363279d33d5949b8fa0ec09fac7bf.jpg,[1.]
381,0df3d7ca7bcb0a46c550bfa26063f6246b60af3e.jpg,[1.]
382,0df3d7ca7bcb0a4690db6b206763f6246b60af2a.jpg,[1.]
383,10dfa9ec8a1363270a0f4faf9a8fa0ec09fac748.jpg,[1.]
384,14ce36d3d539b6000b9d1a00e350352ac65cb731.jpg,[1.]
385,0e2442a7d933c8954378e0d4da1373f08202001e.jpg,[1.]
386,503d269759ee3d6df5873b8a48166d224f4ade2a.jpg,[1.]
387,1b4c510fd9f9d72ae6f99bdedf2a2834359bbb50.jpg,[1.]
388,023b5bb5c9ea15ce1435ff24ba003af33b87b2c7.jpg,[1.]
389,0bd162d9f2d3572cd12ff5c68113632763d0c3df.jpg,[1.]
390,023b5bb5c9ea15ce22b3ed1aba003af33a87b247.jpg,[1.]
391,0bd162d9f2d3572c6e8f34ba8113632762d0c363.jpg,[1.]
392,21a4462309f7905270ad383b07f3d7ca7bcbd501.jpg,[1.]
393,0dd7912397dda144b1281d9fbeb7d0a20cf486fd.jpg,[1.]
394,00e93901213fb80e00b7a3c43ad12f2eb93894bb.jpg,[1.]
395,1ad5ad6eddc451dade4756cfbcfd5266d0163264.jpg,[1.]
396,09fa513d269759ee73758f82b9fb43166d22df56.jpg,[1.]
397,0b55b319ebc4b745cb81eedfc6fc1e178b8215e5.jpg,[1.]
398,03087bf40ad162d987c6f2341adfa9ec8a13cdea.jpg,[1.]
399,1c950a7b02087bf4526fddf4fed3572c11dfcf28.jpg,[1.]
400,0df431adcbef7609a3e82cb322dda3cc7cd99e3f.jpg,[1.]
401,00e93901213fb80e3eb97b973cd12f2eb9389401.jpg,[1.]
402,1ad5ad6eddc451da5fcdd66bbdfd5266d0163273.jpg,[1.]
403,0df3d7ca7bcb0a46384bd3176763f6246b60afb7.jpg,[1.]
404,060828381f30e9249b6e452240086e061c95f7df.jpg,[1.]
405,32fa828ba61ea8d39c7607b89c0a304e251f5831.jpg,[1.]
406,1e30e924b899a9014d5f7cbf17950a7b0308f5d4.jpg,[1.]
407,1e30e924b899a90161028b3716950a7b0208f5f8.jpg,[1.]
408,0b7b02087bf40ad11f1069fa5b2c11dfa9ecce37.jpg,[1.]
409,0824ab18972bd4070aa67edb71899e510fb309b6.jpg,[1.]
410,08f790529822720e7a1669d970cb0a46f21fab3d.jpg,[1.]
411,0b7b02087bf40ad1658be0fe5c2c11dfa9eccebb.jpg,[1.]
412,08f790529822720e958d4c6470cb0a46f31fabe9.jpg,[1.]
413,0df431adcbef76099aaf354124dda3cc7dd99e4c.jpg,[1.]
414,0bd162d9f2d3572cf6c99fcc8013632762d0c3f3.jpg,[1.]
415,0df431adcbef7609cbdf45bb25dda3cc7cd99e3a.jpg,[1.]
416,0824ab18972bd4071d5248ed70899e510fb3090c.jpg,[1.]
417,14ce36d3d539b600b141ffdce250352ac75cb7ca.jpg,[1.]
418,1b4c510fd9f9d72a0b81fc51df2a2834359bbb91.jpg,[1.]
419,023b5bb5c9ea15ce1ddef423ba003af33a87b2e3.jpg,[1.]
420,03087bf40ad162d9eabe55871adfa9ec8b13cddc.jpg,[1.]
421,1ad5ad6eddc451da4dd438ecbdfd5266d0163292.jpg,[1.]
422,0dd7912397dda1448f6b6637b9b7d0a20df486d0.jpg,[1.]
423,1ad5ad6eddc451da060d7f35bdfd5266d1163270.jpg,[1.]
424,279759ee3d6d55fb2f28cf0961224f4a20a4dd37.jpg,[1.]
425,1c950a7b02087bf4059d6af2fed3572c11dfcfb3.jpg,[1.]
426,18d8bc3eb13533fa22cca2fba3d3fd1f40345be8.jpg,[1.]
427,1e30e924b899a901437c6d6316950a7b0208f51d.jpg,[1.]
428,242dd42a2834349b06201f25c2ea15ce36d3be6f.jpg,[1.]
429,0ff41bd5ad6eddc4289bd57d33dbb6fd52663333.jpg,[1.]
430,00e93901213fb80ed0de93ce3ad12f2eb9389498.jpg,[1.]
431,0ff41bd5ad6eddc42ac8d39f33dbb6fd526633a2.jpg,[1.]
432,2934349b033b5bb5712886fa3dd3d539b600bc33.jpg,[1.]
433,0dd7912397dda144b6fe1ffcb9b7d0a20df4868c.jpg,[1.]
434,203fb80e7bec54e72f5b71d5b0389b504ec26a41.jpg,[1.]
435,241f95cad1c8a7860ef498206b09c93d71cf50c6.jpg,[1.]
436,0eb30f2442a7d933532992ada64bd11372f0016e.jpg,[1.]
437,0ff41bd5ad6eddc4ea9091d635dbb6fd526633a3.jpg,[1.]
438,024f78f0f736afc3eec85cf9b819ebc4b6451261.jpg,[1.]
439,0df431adcbef7609a0ded3c424dda3cc7dd99e90.jpg,[1.]
440,0e2442a7d933c895e5f906a0da1373f083020061.jpg,[1.]
441,0b46f21fbe096b6385a4a3a007338744eaf8ac85.jpg,[1.]
442,0b7b02087bf40ad122bb285d5d2c11dfa9ecce35.jpg,[1.]
443,0b46f21fbe096b636e98c87807338744ebf8ac11.jpg,[1.]
444,00e93901213fb80e766231c43ad12f2eb9389475.jpg,[1.]
445,0824ab18972bd4071b494e6270899e510eb309a6.jpg,[1.]
446,024f78f0f736afc3d83b46a8b819ebc4b64512c3.jpg,[1.]
447,0df431adcbef7609b6a3c78622dda3cc7cd99e7b.jpg,[1.]
448,08f790529822720ee43b9b5570cb0a46f31fabac.jpg,[1.]
449,00e93901213fb80eabb9f7443dd12f2eb938943d.jpg,[1.]
450,09fa513d269759eed5d41551b9fb43166c22dfa0.jpg,[1.]
451,024f78f0f736afc304ab7aadb819ebc4b6451256.jpg,[1.]
452,18d8bc3eb13533fa2628593aa4d3fd1f41345b0c.jpg,[1.]
453,0b55b319ebc4b745fd39b6c0c4fc1e178b8215b2.jpg,[1.]
454,0824ab18972bd4078874ffa770899e510fb3093c.jpg,[1.]
455,060828381f30e92460d79e2240086e061d95f7b6.jpg,[1.]
456,024f78f0f736afc349beb4ecb919ebc4b645128c.jpg,[1.]
457,1b4c510fd9f9d72a0a16ff54df2a2834349bbb0d.jpg,[1.]
458,0ff41bd5ad6eddc463ed1a4733dbb6fd52663307.jpg,[1.]
459,1e30e924b899a9017a2fb21216950a7b0208f5f8.jpg,[1.]
460,11385343fbf2b211b62d856bc08065380cd78e97.jpg,[1.]
461,0b46f21fbe096b639438b21c07338744ebf8ac5d.jpg,[1.]
462,0b55b319ebc4b74516bd1fd5c4fc1e178b8215c3.jpg,[1.]
463,00e93901213fb80ef6abb3653cd12f2eb938940e.jpg,[1.]
464,314e251f95cad1c8e42ba2f3743e6709c83d5155.jpg,[1.]
465,1f178a82b9014a9063d517a7a2773912b21beec5.jpg,[1.]
466,1b4c510fd9f9d72a52d8375cdf2a2834349bbb36.jpg,[1.]
467,0bd162d9f2d3572cde43e48e8113632762d0c33b.jpg,[1.]
468,342ac65c10385343badda5189913b07eca8088fc.jpg,[1.]
469,0823dd54564e9258eef0e9719782d158cdbf4e6c.jpg,[1.]
470,09fa513d269759ee9144294db9fb43166d22df24.jpg,[1.]
471,0bd162d9f2d3572cb1add5808113632762d0c31b.jpg,[1.]
472,0eb30f2442a7d9339f3556bea64bd11372f00159.jpg,[1.]
473,08f790529822720e1ca5f37a70cb0a46f31fabc2.jpg,[1.]
474,0b55b319ebc4b7453b1cfb0ac3fc1e178a821525.jpg,[1.]
475,1e30e924b899a901d02f199317950a7b0208f579.jpg,[1.]
476,1e30e924b899a9018e463ee016950a7b0308f5f1.jpg,[1.]
477,0823dd54564e9258efcde8649782d158cdbf4eba.jpg,[1.]
478,0b46f21fbe096b63801fae4e07338744ebf8acae.jpg,[1.]
479,0b55b319ebc4b745341ef9a3c4fc1e178b8215f8.jpg,[1.]
480,0d338744ebf81a4c9ac6accbdb2a6059252da638.jpg,[1.]
481,1ad5ad6eddc451daa1b395f7bafd5266d0163260.jpg,[1.]
482,0df431adcbef7609beaed92424dda3cc7dd99ee0.jpg,[1.]
483,09fa513d269759eed09b6eaeb9fb43166c22df88.jpg,[1.]
484,0b46f21fbe096b63668ec14100338744ebf8ac08.jpg,[1.]
485,267f9e2f0708283823773baab399a9014c08f112.jpg,[1.]
486,0b46f21fbe096b631d793b8607338744eaf8ac80.jpg,[1.]
487,10dfa9ec8a136327a1edaa8a9a8fa0ec08fac703.jpg,[1.]
488,203fb80e7bec54e79d1fe4bfb3389b504ec26aa4.jpg,[1.]
489,0b55b319ebc4b745b29b83d4c4fc1e178b8215e0.jpg,[1.]
490,10dfa9ec8a136327a3daa8f69a8fa0ec09fac7c4.jpg,[1.]
491,1c950a7b02087bf489fdf741f9d3572c11dfcf01.jpg,[1.]
492,09fa513d269759ee386f71edb8fb43166d22dfdc.jpg,[1.]
493,0eb30f2442a7d933a5d7a080a64bd11372f001c1.jpg,[1.]
494,0823dd54564e9258fea8dac09082d158ccbf4e7b.jpg,[1.]
495,03087bf40ad162d90770725a1adfa9ec8b13cdde.jpg,[1.]
496,03087bf40ad162d9ab3096381adfa9ec8a13cd3c.jpg,[1.]
497,0b46f21fbe096b63fbee45f607338744eaf8aca4.jpg,[1.]
498,10dfa9ec8a1363273efd33739a8fa0ec08fac75a.jpg,[1.]
499,0df431adcbef76098e4908f025dda3cc7cd99e1b.jpg,[1.]
500,0d338744ebf81a4cace29d17dc2a6059242da618.jpg,[1.]
501,023b5bb5c9ea15ceffae5624ba003af33a87b25f.jpg,[1.]
502,0d338744ebf81a4c9d33af72dd2a6059252da60c.jpg,[1.]
503,08f790529822720ecf0ba5ec71cb0a46f31fabdb.jpg,[1.]
504,00e93901213fb80ed58891bc3dd12f2eb9389404.jpg,[1.]
505,023b5bb5c9ea15ceee88a31cbc003af33a87b245.jpg,[1.]
506,1f178a82b9014a90e5849693a5773912b31bee62.jpg,[1.]
507,0ff41bd5ad6eddc4856c795d32dbb6fd53663389.jpg,[1.]
508,1f178a82b9014a90b2e6c511a3773912b21bee46.jpg,[1.]
509,1f178a82b9014a90da38be99a2773912b31bee94.jpg,[1.]
510,08f790529822720e45863c9c70cb0a46f21fab08.jpg,[1.]
511,30adcbef76094b36768fbe1da8cc7cd98d109d25.jpg,[1.]
512,00e93901213fb80e819a2ccb3ad12f2eb9389467.jpg,[1.]
513,1e30e924b899a9019996521a11950a7b0208f57f.jpg,[1.]
514,1b4c510fd9f9d72a695f18c7dd2a2834349bbb34.jpg,[1.]
515,0bd162d9f2d3572c8171256b8113632763d0c3f2.jpg,[1.]
516,10dfa9ec8a13632793d0d8f69a8fa0ec08fac732.jpg,[1.]
517,03087bf40ad162d9d8eaa7801adfa9ec8a13cd22.jpg,[1.]
518,0df431adcbef7609e2a06c2125dda3cc7dd99ee1.jpg,[1.]
519,0b46f21fbe096b63f842451006338744ebf8ac12.jpg,[1.]
520,0bd162d9f2d3572c89dd2af18613632762d0c3e4.jpg,[1.]
521,0ff41bd5ad6eddc49530893e32dbb6fd5366331b.jpg,[1.]
522,09fa513d269759ee00d6b96fb8fb43166c22df94.jpg,[1.]
523,09fa513d269759eef6bf0872b9fb43166c22df98.jpg,[1.]
524,241f95cad1c8a7868a7314176b09c93d70cf5049.jpg,[1.]
525,09fa513d269759ee9f1fd378b9fb43166d22df32.jpg,[1.]
526,0d338744ebf81a4c77dac2d3dc2a6059252da63b.jpg,[1.]
527,21a4462309f79052c8ec906407f3d7ca7acbd5fd.jpg,[1.]
528,0ff41bd5ad6eddc4da64c37033dbb6fd536633bd.jpg,[1.]
529,0eb30f2442a7d9330ea7c9f6a64bd11373f00123.jpg,[1.]
530,242dd42a2834349b1b406aa1c2ea15ce36d3be4b.jpg,[1.]
531,1f178a82b9014a9098d3f882a2773912b31bee24.jpg,[1.]
532,023b5bb5c9ea15ce931e7d91bd003af33b87b2b2.jpg,[1.]
533,35a85edf8db1cb13897bddd5d654564e93584be2.jpg,[1.]
534,0d338744ebf81a4c39340085dc2a6059252da67c.jpg,[1.]
535,11385343fbf2b2116944ef66c18065380cd78eb4.jpg,[1.]
536,241f95cad1c8a78677ac8d226d09c93d70cf501c.jpg,[1.]
537,00e93901213fb80e51171d783dd12f2eb838945e.jpg,[1.]
538,0b46f21fbe096b638a9ed4c307338744eaf8ac9a.jpg,[1.]
539,03087bf40ad162d9b20e8d3d1adfa9ec8a13cd2b.jpg,[1.]
540,0eb30f2442a7d933809346afa74bd11373f00136.jpg,[1.]
541,0df431adcbef7609a91f2b2c25dda3cc7cd99e69.jpg,[1.]
542,0b55b319ebc4b745e48ec98dc4fc1e178a821516.jpg,[1.]
543,0dd7912397dda14414a4f12db9b7d0a20df48684.jpg,[1.]
544,1c950a7b02087bf4c1472f63f9d3572c10dfcf95.jpg,[1.]
545,024f78f0f736afc394da0aa7b819ebc4b6451219.jpg,[1.]
546,2cf5e0fe9925bc31e2b6e4b352df8db1cb137036.jpg,[1.]
547,0b46f21fbe096b636357ce4800338744ebf8ac58.jpg,[1.]
548,0d338744ebf81a4ceb465e5bdc2a6059252da628.jpg,[1.]
549,00e93901213fb80ee41980843dd12f2eb838949d.jpg,[1.]
550,09fa513d269759eef516354db9fb43166c22dff6.jpg,[1.]
551,0eb30f2442a7d933dac61d69a64bd11373f001b9.jpg,[1.]
552,09fa513d269759ee198f5100b9fb43166c22df19.jpg,[1.]
553,09fa513d269759ee55569513b9fb43166c22dfe0.jpg,[1.]
554,0b55b319ebc4b74526940ca8c5fc1e178a82150f.jpg,[1.]
555,21a4462309f790521e9dde2007f3d7ca7bcbd52a.jpg,[1.]
556,024f78f0f736afc301fd7cc0b919ebc4b64512a5.jpg,[1.]
557,09fa513d269759eee2de1c64b9fb43166c22df97.jpg,[1.]
558,14ce36d3d539b6008e4ca6d1e250352ac75cb7d2.jpg,[1.]
559,0df431adcbef7609c655713a24dda3cc7cd99e3d.jpg,[1.]
560,0df3d7ca7bcb0a46819d7b576063f6246b60af25.jpg,[1.]
561,03087bf40ad162d9e7a8520f1adfa9ec8a13cd5a.jpg,[1.]
562,03087bf40ad162d91f097a721adfa9ec8b13cdfd.jpg,[1.]
563,1e30e924b899a901f4ef35bc17950a7b0308f566.jpg,[1.]
564,00e93901213fb80e0475a1a03cd12f2eb9389425.jpg,[1.]
565,2f738bd4b31c87012af5fa2b2c7f9e2f0608ffb8.jpg,[1.]
566,0b46f21fbe096b6309c0507d00338744eaf8acc6.jpg,[1.]
567,0df3d7ca7bcb0a46c7e1bda26063f6246a60af6d.jpg,[1.]
568,0b46f21fbe096b634913167606338744ebf8ac8a.jpg,[1.]
569,1ad5ad6eddc451da36f42f70bdfd5266d016322e.jpg,[1.]
570,10dfa9ec8a13632787b5cd2b9d8fa0ec08fac74a.jpg,[1.]
571,0e2442a7d933c8950376a0a2da1373f0830200da.jpg,[1.]
572,08f790529822720ef2b1e12c70cb0a46f31fabed.jpg,[1.]
573,267f9e2f070828388d439592b399a9014d08f1ee.jpg,[1.]
574,0bd162d9f2d3572c274f4f068113632763d0c3bf.jpg,[1.]
575,00e93901213fb80e5c4d18423dd12f2eb8389482.jpg,[1.]
576,0b7b02087bf40ad16f4bfeb15c2c11dfa9ecce30.jpg,[1.]
577,0e2442a7d933c89512fcb0ccdb1373f083020082.jpg,[1.]
578,0b55b319ebc4b745c5aaee0fc4fc1e178a8215e8.jpg,[1.]
579,14ce36d3d539b6009ba995e5e250352ac65cb779.jpg,[1.]
580,023b5bb5c9ea15ceb7771989bd003af33b87b291.jpg,[1.]
581,0eb30f2442a7d933b54fb0a9a64bd11372f00100.jpg,[1.]
582,0d338744ebf81a4c389101cfdc2a6059252da611.jpg,[1.]
583,0823dd54564e92589ab8fd419782d158cdbf4e94.jpg,[1.]
584,0b7b02087bf40ad1df84ae765c2c11dfa8eccec7.jpg,[1.]
585,023b5bb5c9ea15cebbdf152abd003af33a87b2e4.jpg,[1.]
586,0ff41bd5ad6eddc4c0eeba6c32dbb6fd5266331f.jpg,[1.]
587,1e30e924b899a901c77be9a416950a7b0308f5d2.jpg,[1.]
588,0e2442a7d933c8957b6798fbda1373f082020010.jpg,[1.]
589,32fa828ba61ea8d3b7511cdd9c0a304e241f58f3.jpg,[1.]
590,03087bf40ad162d95d223c721adfa9ec8b13cd94.jpg,[1.]
591,0d338744ebf81a4cb2a1875cdc2a6059242da690.jpg,[1.]
592,08f790529822720e21bed02f70cb0a46f31fabf6.jpg,[1.]
593,0bd162d9f2d3572c45f16ecf8613632762d0c396.jpg,[1.]
594,377adab44aed2e73fbbb26f28c01a18b86d6fa9a.jpg,[1.]
595,08f790529822720e94c94b9d70cb0a46f21fab56.jpg,[1.]
596,0dd7912397dda144a11c0cabb9b7d0a20cf48695.jpg,[1.]
597,023b5bb5c9ea15ce3af296c7bf003af33b87b2db.jpg,[1.]
598,0eb30f2442a7d9330855cf21a64bd11372f001e6.jpg,[1.]
599,1e30e924b899a901cbcbe5a416950a7b0308f5a2.jpg,[1.]
600,0b55b319ebc4b7456d67468fc4fc1e178b8215b3.jpg,[1.]
601,1b4c510fd9f9d72a54e43594df2a2834359bbbb2.jpg,[1.]
602,08f790529822720ef064ef3870cb0a46f31fab4e.jpg,[1.]
603,0b55b319ebc4b7453a6cfbcfc4fc1e178b82156a.jpg,[1.]
604,14ce36d3d539b600a21682e2e250352ac75cb78f.jpg,[1.]
605,203fb80e7bec54e7201070abb2389b504ec26a82.jpg,[1.]
606,024f78f0f736afc3f9e76735b819ebc4b64512f2.jpg,[1.]
607,0b46f21fbe096b637982c78b07338744eaf8ac56.jpg,[1.]
608,023b5bb5c9ea15ce0f98c1d5bd003af33b87b2f3.jpg,[1.]
609,0d338744ebf81a4c53829807de2a6059242da64f.jpg,[1.]
610,023b5bb5c9ea15ce32a99ca9bd003af33b87b2ce.jpg,[1.]
611,0df431adcbef7609fea1180325dda3cc7dd99e80.jpg,[1.]
612,0b7b02087bf40ad1ed2478a15c2c11dfa8ecceb4.jpg,[1.]
613,060828381f30e92481ee7e6547086e061d95f718.jpg,[1.]
614,0d338744ebf81a4ca2a99769dc2a6059242da6f3.jpg,[1.]
615,0b46f21fbe096b63f548538807338744eaf8ac90.jpg,[1.]
616,0b46f21fbe096b634cf0e9ea06338744eaf8ac9b.jpg,[1.]
617,0823dd54564e9258141d671d9782d158ccbf4e1c.jpg,[1.]
618,0b46f21fbe096b6357e7f13607338744eaf8acde.jpg,[1.]
619,0b7b02087bf40ad150c21af25d2c11dfa9eccef9.jpg,[1.]
620,14ce36d3d539b600bb9cf56fe250352ac75cb79c.jpg,[1.]
621,0b7b02087bf40ad14d35195c5d2c11dfa8ecceb8.jpg,[1.]
622,024f78f0f736afc37eaeef49bf19ebc4b745127f.jpg,[1.]
623,08f790529822720ed1a280a870cb0a46f21fab70.jpg,[1.]
624,2934349b033b5bb5793b89203cd3d539b700bc04.jpg,[1.]
625,0dd7912397dda1442e00871db9b7d0a20cf48610.jpg,[1.]
626,0dd7912397dda144680ec2abbeb7d0a20cf486a0.jpg,[1.]
627,0df3d7ca7bcb0a4655ad2fc96063f6246a60afb7.jpg,[1.]
628,08f790529822720eae7945aa70cb0a46f21fab2f.jpg,[1.]
629,00e93901213fb80eed5389783dd12f2eb838949b.jpg,[1.]
630,0d338744ebf81a4c586ae10bdc2a6059242da693.jpg,[1.]
631,0b55b319ebc4b745b88c7ab1c5fc1e178a821579.jpg,[1.]
632,359b033b5bb5c9ea6459ecccd939b6003af3b373.jpg,[1.]
633,0eb30f2442a7d9335a1c9ddca64bd11372f001ec.jpg,[1.]
634,0dd7912397dda144b98914e0b9b7d0a20df486db.jpg,[1.]
635,0ff41bd5ad6eddc4ad51510832dbb6fd5366338b.jpg,[1.]
636,00e93901213fb80edf999b8b3dd12f2eb9389426.jpg,[1.]
637,241f95cad1c8a786cc5dd54f6c09c93d70cf507f.jpg,[1.]
638,0bd162d9f2d3572c539070f38613632762d0c3ab.jpg,[1.]
639,0dd7912397dda144f2c75b29b9b7d0a20df4865a.jpg,[1.]
640,0df3d7ca7bcb0a46f3db882a6763f6246b60af23.jpg,[1.]
641,0824ab18972bd40712d3494970899e510fb30969.jpg,[1.]
642,0824ab18972bd407763072ed71899e510fb3092e.jpg,[1.]
643,09fa513d269759ee0d40ad95b9fb43166d22df58.jpg,[1.]
644,0bd162d9f2d3572c211b42cf8613632762d0c32c.jpg,[1.]
645,0824ab18972bd407f757f03a72899e510eb30960.jpg,[1.]
646,0824ab18972bd407a583a02370899e510eb309a3.jpg,[1.]
647,2e2eb9389b504fc29ce6b743efdde71190ef6d3e.jpg,[1.]
648,0ff41bd5ad6eddc4fe319fb733dbb6fd536633a3.jpg,[1.]
649,0b46f21fbe096b63e0ef4f4e00338744ebf8ac3d.jpg,[1.]
650,377adab44aed2e73f6ba3bbe8c01a18b86d6fad5.jpg,[1.]
651,0b55b319ebc4b745788f3aabc5fc1e178a821577.jpg,[1.]
652,10dfa9ec8a136327fec9742c9d8fa0ec08fac78d.jpg,[1.]
653,024f78f0f736afc34894b677b819ebc4b7451203.jpg,[1.]
654,0df431adcbef76098446368e25dda3cc7cd99e56.jpg,[1.]
655,00e93901213fb80e80872c893dd12f2eb938941e.jpg,[1.]
656,0bd162d9f2d3572c4c1869f78013632762d0c327.jpg,[1.]
657,00e93901213fb80e0692a2893dd12f2eb9389429.jpg,[1.]
658,0df431adcbef7609a5b0d7c125dda3cc7cd99e31.jpg,[1.]
659,0b46f21fbe096b6397e1b19a07338744eaf8ac04.jpg,[1.]
660,30adcbef76094b36edb00442a9cc7cd98d109d7a.jpg,[1.]
661,241f95cad1c8a7869ffb26136c09c93d71cf50dd.jpg,[1.]
662,024f78f0f736afc32cab93d9b919ebc4b64512e2.jpg,[1.]
663,18d8bc3eb13533fa5790683aa4d3fd1f41345b84.jpg,[1.]
664,1f178a82b9014a9059d9391da2773912b21beeaf.jpg,[1.]
665,0823dd54564e92581cdc7f399782d158cdbf4e79.jpg,[1.]
666,09fa513d269759ee4699f8dbb9fb43166c22dfd1.jpg,[1.]
667,0b46f21fbe096b63bbe2858c07338744eaf8ac77.jpg,[1.]
668,08f790529822720e585137a970cb0a46f31fabc2.jpg,[1.]
669,0dd7912397dda144f3865ba2beb7d0a20cf48616.jpg,[1.]
670,024f78f0f736afc34369bedfb919ebc4b7451226.jpg,[1.]
671,0823dd54564e925828cd13309782d158cdbf4e77.jpg,[1.]
672,0ff41bd5ad6eddc4d887c53b33dbb6fd53663389.jpg,[1.]
673,0b55b319ebc4b745eb7fc8d7c4fc1e178b821503.jpg,[1.]
674,0b46f21fbe096b63188726da07338744eaf8ac9a.jpg,[1.]
675,0b7b02087bf40ad1e50e602d5c2c11dfa8ecce12.jpg,[1.]
676,024f78f0f736afc3fd1363a2b819ebc4b64512dd.jpg,[1.]
677,060828381f30e924acbf55e947086e061c95f7cb.jpg,[1.]
678,0dd7912397dda1448600617bbbb7d0a20df486e9.jpg,[1.]
679,023b5bb5c9ea15cedd20b71abd003af33b87b2d3.jpg,[1.]
680,1c950a7b02087bf43b1a84f4fed3572c11dfcf3d.jpg,[1.]
681,00e93901213fb80ef0c3b3ca3ad12f2eb9389499.jpg,[1.]
682,024f78f0f736afc3f736557fb819ebc4b74512f5.jpg,[1.]
683,342ac65c1038534353a81df99813b07ecb808887.jpg,[1.]
684,0bd162d9f2d3572ce0ed82518113632762d0c334.jpg,[1.]
685,0b55b319ebc4b745c20ef3c5c4fc1e178b82154e.jpg,[1.]
686,1e30e924b899a9010688a92f11950a7b0208f56e.jpg,[1.]
687,2fdda3cc7cd98d1068963faa2a3fb80e7aec90ee.jpg,[1.]
688,2f738bd4b31c8701ca7c1a3a2c7f9e2f0608ff20.jpg,[1.]
689,0b7b02087bf40ad19d81e95b5d2c11dfa9ecce25.jpg,[1.]
690,1f178a82b9014a90a4c6d4e0a2773912b21beef7.jpg,[1.]
691,0df3d7ca7bcb0a46e38f99ee6063f6246a60afb3.jpg,[1.]
692,0b46f21fbe096b63ff2c581006338744ebf8acbc.jpg,[1.]
693,203fb80e7bec54e792deff0ab5389b504fc26af0.jpg,[1.]
694,0b46f21fbe096b63cf5f699207338744eaf8aca9.jpg,[1.]
695,18d8bc3eb13533fabe40cceaa1d3fd1f40345b7b.jpg,[1.]
696,0b55b319ebc4b7454bd868d3c4fc1e178b8215a2.jpg,[1.]
697,0dd7912397dda144b4771196b9b7d0a20cf48693.jpg,[1.]
698,203fb80e7bec54e78763eb3ab2389b504fc26a03.jpg,[1.]
699,0ff41bd5ad6eddc4f1dbac4733dbb6fd52663349.jpg,[1.]
700,08f790529822720ebe3455ec70cb0a46f21fab2a.jpg,[1.]
701,0823dd54564e925889e6f2ba9782d158cdbf4e97.jpg,[1.]
702,024f78f0f736afc3d0874948bf19ebc4b7451217.jpg,[1.]
703,0ff41bd5ad6eddc4b0136a3e32dbb6fd5366337b.jpg,[1.]
704,0df3d7ca7bcb0a4637c1cc156763f6246b60af3f.jpg,[1.]
705,024f78f0f736afc30d117279bf19ebc4b7451288.jpg,[1.]
706,0b55b319ebc4b745731d40a8c4fc1e178b821586.jpg,[1.]
707,0b46f21fbe096b6332e01c8a07338744eaf8ac6b.jpg,[1.]
708,0df3d7ca7bcb0a46a0af59f36163f6246a60af6f.jpg,[1.]
709,0dd7912397dda144ff235665b9b7d0a20cf4863a.jpg,[1.]
710,0b55b319ebc4b74515d01907c3fc1e178a82155e.jpg,[1.]
711,08f790529822720e86697d6670cb0a46f31fab83.jpg,[1.]
712,0dd7912397dda1449f8676fcb9b7d0a20df486f4.jpg,[1.]
713,060828381f30e92410d0c1eb47086e061c95f7f0.jpg,[1.]
714,0823dd54564e9258267411299782d158cdbf4eb1.jpg,[1.]
715,03087bf40ad162d9360f02041ddfa9ec8b13cdc1.jpg,[1.]
716,21a4462309f79052a1808b1e07f3d7ca7bcbd577.jpg,[1.]
717,024f78f0f736afc32b339135b819ebc4b74512a6.jpg,[1.]
718,0bd162d9f2d3572c7f7804cd8613632762d0c30d.jpg,[1.]
719,0b55b319ebc4b745a9318ad3c4fc1e178b821549.jpg,[1.]
720,10dfa9ec8a136327301d3a219d8fa0ec08fac734.jpg,[1.]
721,060828381f30e9248932771f40086e061d95f70e.jpg,[1.]
722,14ce36d3d539b60028d5047be250352ac75cb7e6.jpg,[1.]
723,09fa513d269759eee19d191cb9fb43166c22df1c.jpg,[1.]
724,0e2442a7d933c8956a0589fbda1373f082020032.jpg,[1.]
725,0df3d7ca7bcb0a46afc964166763f6246b60af32.jpg,[1.]
726,1ad5ad6eddc451dac748be79bdfd5266d11632e1.jpg,[1.]
727,060828381f30e9248add77f547086e061c95f7fd.jpg,[1.]
728,0b7b02087bf40ad18e8bdef85b2c11dfa9ecceba.jpg,[1.]
729,2e2eb9389b504fc2a21381bfefdde71190ef6d3f.jpg,[1.]
730,14ce36d3d539b600ff2bb125e250352ac75cb7bf.jpg,[1.]
731,267f9e2f07082838e378fb7fb399a9014c08f160.jpg,[1.]
732,0b7b02087bf40ad1446401cf5c2c11dfa9ecce1e.jpg,[1.]
733,0b7b02087bf40ad171fef4b15c2c11dfa9ecce4d.jpg,[1.]
734,0bd162d9f2d3572c61fd05078113632763d0c3ca.jpg,[1.]
735,08f790529822720e79be68c570cb0a46f21fab99.jpg,[1.]
736,0df3d7ca7bcb0a46c403bc626063f6246b60af43.jpg,[1.]
737,10dfa9ec8a136327cd6c86c09a8fa0ec09fac744.jpg,[1.]
738,00e93901213fb80e3c2c78453dd12f2eb83894a6.jpg,[1.]
739,0b46f21fbe096b63c0806eec07338744eaf8acf4.jpg,[1.]
740,0d338744ebf81a4cd2786745dc2a6059242da6f0.jpg,[1.]
741,09fa513d269759ee409dfeceb9fb43166c22dfe2.jpg,[1.]
742,09fa513d269759ee73458febb9fb43166d22dffd.jpg,[1.]
743,1c950a7b02087bf46634cee4f9d3572c10dfcfe7.jpg,[1.]
744,0e2442a7d933c8951f08bc21da1373f082020071.jpg,[1.]
745,09fa513d269759eef4a30a4ab9fb43166c22df44.jpg,[1.]
746,00e93901213fb80e2d0b490f3dd12f2eb838940b.jpg,[1.]
747,242dd42a2834349b7b418ba9c5ea15ce36d3be53.jpg,[1.]
748,0b55b319ebc4b745e156d372c5fc1e178b821597.jpg,[1.]
749,0ff41bd5ad6eddc49c007e6232dbb6fd53663340.jpg,[1.]
750,024f78f0f736afc391c40f46b819ebc4b64512cc.jpg,[1.]
751,0dd7912397dda14437a99fa1beb7d0a20cf48605.jpg,[1.]
752,0bd162d9f2d3572cfb5e9b8e8113632762d0c320.jpg,[1.]
753,0b7b02087bf40ad16a51e36a5c2c11dfa8ecce85.jpg,[1.]
754,18d8bc3eb13533fa6dc91060a2d3fd1f41345b05.jpg,[1.]
755,0dd7912397dda1440c039b79bbb7d0a20df486f7.jpg,[1.]
756,0e2442a7d933c895951f36e7da1373f0830200cc.jpg,[1.]
757,0dd7912397dda1443ca08941b9b7d0a20df4869c.jpg,[1.]
758,024f78f0f736afc3fb09607cbf19ebc4b74512a5.jpg,[1.]
759,0b55b319ebc4b745ea38cb52c4fc1e178b8215c1.jpg,[1.]
760,0b7b02087bf40ad1775df6f05c2c11dfa9ecce63.jpg,[1.]
761,00e93901213fb80e254f42ee3cd12f2eb9389468.jpg,[1.]
762,0df3d7ca7bcb0a46ff06929b6163f6246b60af6f.jpg,[1.]
763,08f790529822720eafeb460a70cb0a46f21fab1d.jpg,[1.]
764,024f78f0f736afc3b29e29c2b919ebc4b6451282.jpg,[1.]
765,023b5bb5c9ea15ce1787f920bd003af33a87b2a9.jpg,[1.]
766,0eb30f2442a7d93361f7e733a74bd11373f00116.jpg,[1.]
767,0bd162d9f2d3572c758f115e8113632763d0c3c7.jpg,[1.]
768,0eb30f2442a7d9330621c150a64bd11373f00103.jpg,[1.]
769,09fa513d269759eee87201efb8fb43166d22dff0.jpg,[1.]
770,37d12f2eb9389b5097b174ca8e35e5dde6116ed8.jpg,[1.]
771,0b55b319ebc4b745c8f1e589c4fc1e178b8215c3.jpg,[1.]
772,0b55b319ebc4b745df50d49cc4fc1e178b821577.jpg,[1.]
773,060828381f30e9240cc9f48f46086e061d95f71b.jpg,[1.]
774,023b5bb5c9ea15ce7d04d7cbbd003af33b87b20d.jpg,[1.]
775,0b7b02087bf40ad1152850705c2c11dfa8ecce51.jpg,[1.]
776,0b7b02087bf40ad1f05775355c2c11dfa8ecceb1.jpg,[1.]
777,0b46f21fbe096b636155cf8f07338744eaf8aca5.jpg,[1.]
778,0b55b319ebc4b745793a3acec4fc1e178b8215bf.jpg,[1.]
779,1f178a82b9014a9078831871a2773912b21beeb9.jpg,[1.]
780,203fb80e7bec54e732315dc5b3389b504ec26a0f.jpg,[1.]
781,0dd7912397dda144d083bd93b9b7d0a20cf4860d.jpg,[1.]
782,0d338744ebf81a4cde3f6b1edc2a6059242da6dc.jpg,[1.]
783,10dfa9ec8a1363278ceec5159a8fa0ec08fac791.jpg,[1.]
784,1f178a82b9014a909801f8ffa2773912b31beeb1.jpg,[1.]
785,0b46f21fbe096b633441134c00338744ebf8ac56.jpg,[1.]
786,0d338744ebf81a4c3f5f0a3adc2a6059242da6d0.jpg,[1.]
787,1f178a82b9014a90f2f58621a2773912b21bee67.jpg,[1.]
788,0ff41bd5ad6eddc4bf355fa832dbb6fd53663397.jpg,[1.]
789,3c6d55fbb2fb4316a4a02bd12aa4462308f7d3da.jpg,[1.]
790,08f790529822720ec685bee277cb0a46f21fab5b.jpg,[1.]
791,0dd7912397dda1444b8722a5b9b7d0a20cf4861f.jpg,[1.]
792,0b55b319ebc4b745d726df05c3fc1e178a821576.jpg,[1.]
793,0bd162d9f2d3572cc5e6e1428113632762d0c32c.jpg,[1.]
794,0bd162d9f2d3572cfdaa997a8113632763d0c3c8.jpg,[1.]
795,10dfa9ec8a136327e2b357c39a8fa0ec09fac7e0.jpg,[1.]
796,0824ab18972bd40784a9c2e677899e510fb309ba.jpg,[1.]
797,1b4c510fd9f9d72ad4fab50cdf2a2834349bbb01.jpg,[1.]
798,203fb80e7bec54e7e85fb83cb2389b504fc26a65.jpg,[1.]
799,203fb80e7bec54e73ad9470fb5389b504fc26aed.jpg,[1.]
800,0df431adcbef7609ea60648e25dda3cc7cd99ebc.jpg,[1.]
801,08f790529822720e1c22f32770cb0a46f31fab7a.jpg,[1.]
802,0823dd54564e925819a360269582d158cdbf4e67.jpg,[1.]
803,0b46f21fbe096b63f5aa539207338744eaf8ac44.jpg,[1.]
804,0bd162d9f2d3572ca4b4c17a8013632763d0c3c6.jpg,[1.]
805,1c950a7b02087bf41da163b6f9d3572c11dfcf1b.jpg,[1.]
806,024f78f0f736afc3df0c4dbbb819ebc4b64512ef.jpg,[1.]
807,0824ab18972bd4079c54cb9370899e510eb309c8.jpg,[1.]
808,0e2442a7d933c895ae12cd8dda1373f0830200d3.jpg,[1.]
809,1ad5ad6eddc451da7ce3f6ffbafd5266d0163289.jpg,[1.]
810,0df3d7ca7bcb0a462e1be2e76063f6246b60af37.jpg,[1.]
811,1c950a7b02087bf4c4ef28b4f9d3572c11dfcf68.jpg,[1.]
812,024f78f0f736afc3ecd95278b819ebc4b64512d1.jpg,[1.]
813,1c950a7b02087bf4943f18fef9d3572c10dfcfd2.jpg,[1.]
814,1c950a7b02087bf4d9752737f9d3572c10dfcf57.jpg,[1.]
815,0b7b02087bf40ad11e8b6feb5c2c11dfa9ecce4f.jpg,[1.]
816,0823dd54564e9258345907729782d158ccbf4e39.jpg,[1.]
817,1f178a82b9014a90b860d815a2773912b31bee38.jpg,[1.]
818,0b46f21fbe096b63cdee6b5707338744eaf8acc5.jpg,[1.]
819,11385343fbf2b21156b72499c18065380dd78e48.jpg,[1.]
820,18d8bc3eb13533fa2395a57ba3d3fd1f41345b47.jpg,[1.]
821,1b4c510fd9f9d72ab5c94b33d82a2834349bbb6b.jpg,[1.]
822,0eb30f2442a7d93387195ebaa64bd11372f00141.jpg,[1.]
823,10dfa9ec8a13632745560e119a8fa0ec08fac75d.jpg,[1.]
824,0823dd54564e92582fcf28709782d158cdbf4eb1.jpg,[1.]
825,09fa513d269759eef7ff0b4ab9fb43166c22df80.jpg,[1.]
826,0823dd54564e92585ac5bc249682d158cdbf4e02.jpg,[1.]
827,1ad5ad6eddc451da037673f3bafd5266d0163221.jpg,[1.]
828,2f738bd4b31c87013d28ebf02c7f9e2f0708ff0e.jpg,[1.]
829,0b46f21fbe096b63bd839bcc07338744eaf8ac90.jpg,[1.]
830,09fa513d269759ee60a39e3bb9fb43166c22df4b.jpg,[1.]
831,0dd7912397dda144d855b299beb7d0a20cf486b9.jpg,[1.]
832,1e30e924b899a9015c666c6716950a7b0208f50b.jpg,[1.]
833,1e30e924b899a90162b18a1716950a7b0208f50f.jpg,[1.]
834,0df3d7ca7bcb0a46888901126163f6246b60af76.jpg,[1.]
835,0ff41bd5ad6eddc4d906c2d635dbb6fd5266333d.jpg,[1.]
836,0df431adcbef7609850b370125dda3cc7cd99e28.jpg,[1.]
837,1c950a7b02087bf4d65859c5fed3572c11dfcf62.jpg,[1.]
838,1b4c510fd9f9d72ae7b0983edf2a2834349bbb39.jpg,[1.]
839,1e30e924b899a901270bc9a316950a7b0208f56d.jpg,[1.]
840,1ad5ad6eddc451daa3b892f5bdfd5266d0163265.jpg,[1.]
841,0b46f21fbe096b63533bfd0f07338744ebf8ac4b.jpg,[1.]
842,09fa513d269759eeb196c955b9fb43166c22df6e.jpg,[1.]
843,0b7b02087bf40ad143d805f05b2c11dfa9eccee1.jpg,[1.]
844,1e30e924b899a901e4de072e11950a7b0208f53b.jpg,[1.]
845,023b5bb5c9ea15ce4705092dbd003af33a87b22f.jpg,[1.]
846,024f78f0f736afc30f957df4b819ebc4b6451281.jpg,[1.]
847,08f790529822720e90494fd870cb0a46f21fab09.jpg,[1.]
848,242dd42a2834349b57fbae24c2ea15ce37d3be96.jpg,[1.]
849,0b7b02087bf40ad103784a615c2c11dfa8ecce90.jpg,[1.]
850,060828381f30e924fed7637847086e061d95f70c.jpg,[1.]
851,0b46f21fbe096b633849064607338744ebf8ac50.jpg,[1.]
852,18d8bc3eb13533fa51b77602a4d3fd1f41345b9d.jpg,[1.]
853,09fa513d269759ee144eabdfbefb43166d22df8c.jpg,[1.]
854,241f95cad1c8a786f13b071f6d09c93d70cf5089.jpg,[1.]
855,0dd7912397dda14493ec7a80b9b7d0a20cf4861e.jpg,[1.]
856,023b5bb5c9ea15cec4228ed0bd003af33b87b21f.jpg,[1.]
857,0bd162d9f2d3572c7500119d8113632763d0c395.jpg,[1.]
858,10dfa9ec8a136327de3693b29a8fa0ec09fac75c.jpg,[1.]
859,0ff41bd5ad6eddc4f698a4bd32dbb6fd5266337c.jpg,[1.]
860,0b46f21fbe096b63badf84cc07338744eaf8ac6c.jpg,[1.]
861,023b5bb5c9ea15cec193822dbc003af33a87b291.jpg,[1.]
862,18d8bc3eb13533fafb258a8ca2d3fd1f40345b84.jpg,[1.]
863,0b55b319ebc4b745e98dcac8c4fc1e178b8215d6.jpg,[1.]
864,0df3d7ca7bcb0a463da2d5f06263f6246a60af73.jpg,[1.]
865,0d338744ebf81a4c184221dedc2a6059252da6b1.jpg,[1.]
866,0823dd54564e925849f1b2759782d158cdbf4e67.jpg,[1.]
867,18d8bc3eb13533fa4c067102a2d3fd1f41345b6e.jpg,[1.]
868,00e93901213fb80e950ed1013dd12f2eb838940d.jpg,[1.]
869,0dd7912397dda14413b9faefb9b7d0a20cf4863f.jpg,[1.]
870,08f790529822720edf2ab43772cb0a46f31fab13.jpg,[1.]
871,0df431adcbef7609e1216cb424dda3cc7cd99ef7.jpg,[1.]
872,0823dd54564e92583d841ff29082d158ccbf4e7e.jpg,[1.]
873,0df3d7ca7bcb0a460363f6f96163f6246a60afa9.jpg,[1.]
874,08f790529822720e7cff13da70cb0a46f21fabd9.jpg,[1.]
875,03087bf40ad162d9a65491541adfa9ec8b13cdc4.jpg,[1.]
876,0b7b02087bf40ad1215c25595d2c11dfa8ecced4.jpg,[1.]
877,03087bf40ad162d9212210821adfa9ec8b13cd64.jpg,[1.]
878,0b46f21fbe096b63f0ce5e8607338744eaf8ac14.jpg,[1.]
879,0df3d7ca7bcb0a460cc684b66063f6246a60af5d.jpg,[1.]
880,09fa513d269759ee796bb111b9fb43166d22df35.jpg,[1.]
881,023b5bb5c9ea15ce27cce93dbd003af33a87b2e7.jpg,[1.]
882,0b46f21fbe096b636a96f47c07338744ebf8ac0b.jpg,[1.]
883,0b46f21fbe096b63151032d606338744ebf8ac2f.jpg,[1.]
884,242dd42a2834349b669abf84c2ea15ce36d3be17.jpg,[1.]
885,0b46f21fbe096b6378f7c74c00338744eaf8acc4.jpg,[1.]
886,0d338744ebf81a4c6d33dc3edc2a6059242da6c7.jpg,[1.]
887,024f78f0f736afc38860f6e8b819ebc4b64512cb.jpg,[1.]
888,08f790529822720ec375b14671cb0a46f31fabd7.jpg,[1.]
889,0df3d7ca7bcb0a46a66f5a636063f6246b60af1f.jpg,[1.]
890,0823dd54564e92589c3effb39782d158ccbf4e60.jpg,[1.]
891,09fa513d269759ee69358198b9fb43166d22df78.jpg,[1.]
892,2cf5e0fe9925bc31d04637c755df8db1cb137051.jpg,[1.]
893,1b4c510fd9f9d72a92d1775fdf2a2834349bbb3f.jpg,[1.]
894,267f9e2f070828383e560485b399a9014d08f1cc.jpg,[1.]
895,0b7b02087bf40ad122302acc5b2c11dfa8eccecd.jpg,[1.]
896,0df3d7ca7bcb0a46877d7d1d6063f6246b60afb3.jpg,[1.]
897,060828381f30e92480f2713747086e061d95f766.jpg,[1.]
898,00e93901213fb80eda1486243dd12f2eb8389478.jpg,[1.]
899,3801213fb80e7bec60cc763f242eb9389a506bdd.jpg,[1.]
900,242dd42a2834349bd9952b94c3ea15ce36d3be14.jpg,[1.]
901,08f790529822720e4cc723b270cb0a46f21fab69.jpg,[1.]
902,1ad5ad6eddc451da9b4d8d8bbcfd5266d0163212.jpg,[1.]
903,0b55b319ebc4b7459cb5903bc3fc1e178a8215fd.jpg,[1.]
904,0d338744ebf81a4ccdff7e05de2a6059242da629.jpg,[1.]
905,060828381f30e9240087f09246086e061d95f776.jpg,[1.]
906,2934349b033b5bb5d9202e583dd3d539b700bca4.jpg,[1.]
907,0824ab18972bd407e6cfe52070899e510eb309e6.jpg,[1.]
908,0dd7912397dda144736cdd17b8b7d0a20cf4862a.jpg,[1.]
909,0d338744ebf81a4cee9658e7db2a6059252da67c.jpg,[1.]
910,0df431adcbef76099b9335f925dda3cc7cd99e38.jpg,[1.]
911,0824ab18972bd407c88e3fb170899e510fb30935.jpg,[1.]
912,0823dd54564e9258e8e3d3599782d158cdbf4eb5.jpg,[1.]
913,023b5bb5c9ea15ce845f49d7bc003af33b87b2bf.jpg,[1.]
914,10dfa9ec8a136327a3dba8bc9a8fa0ec08fac70f.jpg,[1.]
915,1ad5ad6eddc451da3da92880bdfd5266d0163279.jpg,[1.]
916,1e30e924b899a901e834011217950a7b0208f595.jpg,[1.]
917,0d338744ebf81a4ce8715edcdb2a6059252da660.jpg,[1.]
918,0b46f21fbe096b63e8c675e706338744eaf8acad.jpg,[1.]
919,00e93901213fb80ea04ccd6b3cd12f2eb83894e9.jpg,[1.]
920,08f790529822720e65571c3970cb0a46f31fab5c.jpg,[1.]
921,241f95cad1c8a786626a7bc56c09c93d71cf50bc.jpg,[1.]
922,0df3d7ca7bcb0a4667811df36063f6246a60af5d.jpg,[1.]
923,0b7b02087bf40ad17736f6795c2c11dfa8ecce5d.jpg,[1.]
924,2fdda3cc7cd98d104742138f2b3fb80e7aec90fd.jpg,[1.]
925,18d8bc3eb13533fa35714a3fa4d3fd1f40345bd8.jpg,[1.]
926,0e2442a7d933c895cb53685bda1373f0820200e4.jpg,[1.]
927,1b4c510fd9f9d72ad14db619df2a2834349bbb8d.jpg,[1.]
928,0b55b319ebc4b74537e8fd4bc5fc1e178a82156a.jpg,[1.]
929,00e93901213fb80e41656cc43ad12f2eb9389468.jpg,[1.]
930,0d338744ebf81a4cdbf26e55dc2a6059242da66e.jpg,[1.]
931,024f78f0f736afc379f1e440b919ebc4b7451211.jpg,[1.]
932,0bd162d9f2d3572c0f2e54f38613632763d0c3d5.jpg,[1.]
933,0df3d7ca7bcb0a4657c02d756063f6246a60af98.jpg,[1.]
934,279759ee3d6d55fb956540f366224f4a21a4dd47.jpg,[1.]
935,32fa828ba61ea8d3c34229169b0a304e251f58bb.jpg,[1.]
936,08f790529822720e050ffb5871cb0a46f31fab4a.jpg,[1.]
937,14ce36d3d539b600213d0f61e250352ac75cb770.jpg,[1.]
938,0dd7912397dda14413bbfd65b8b7d0a20df486b3.jpg,[1.]
939,30adcbef76094b362305f527a8cc7cd98c109d61.jpg,[1.]
940,32fa828ba61ea8d3d44c3ecd9d0a304e241f5888.jpg,[1.]
941,023b5bb5c9ea15ce97e27e18ba003af33a87b297.jpg,[1.]
942,09fa513d269759ee87d638e7befb43166d22df1c.jpg,[1.]
943,0dd7912397dda14451e23db3beb7d0a20df486cc.jpg,[1.]
944,024f78f0f736afc36d7ad32cb819ebc4b7451200.jpg,[1.]
945,060828381f30e924544e8dec47086e061c95f701.jpg,[1.]
946,279759ee3d6d55fb404c7aa867224f4a21a4ddb2.jpg,[1.]
947,0b7b02087bf40ad15cbb29635c2c11dfa8ecced7.jpg,[1.]
948,0eb30f2442a7d933c61a1e67a14bd11373f00177.jpg,[1.]
949,0823dd54564e92580e7408489682d158cdbf4ed0.jpg,[1.]
950,2f738bd4b31c870101c2ee402d7f9e2f0708ff24.jpg,[1.]
951,023b5bb5c9ea15ce87924e10ba003af33a87b2af.jpg,[1.]
952,0b7b02087bf40ad109215dad5d2c11dfa8ecceb3.jpg,[1.]
953,0eb30f2442a7d93364dfe3a7a64bd11372f001ea.jpg,[1.]
954,0b55b319ebc4b74517881c53c4fc1e178a821552.jpg,[1.]
955,0d338744ebf81a4c885cb10edc2a6059242da68f.jpg,[1.]
956,14ce36d3d539b600d1155f36e250352ac75cb75c.jpg,[1.]
957,0dd7912397dda1447efcd77bb9b7d0a20df48606.jpg,[1.]
958,09fa513d269759ee84403be5befb43166d22df88.jpg,[1.]
959,0e2442a7d933c8950b88a8ecda1373f0830200b6.jpg,[1.]
960,242dd42a2834349b72f883b7c2ea15ce36d3be02.jpg,[1.]
961,10dfa9ec8a136327fbc870e59a8fa0ec08fac73b.jpg,[1.]
962,00e93901213fb80e0d15aafb3cd12f2eb83894d2.jpg,[1.]
963,0eb30f2442a7d93362dfe456a74bd11373f0019b.jpg,[1.]
964,024f78f0f736afc36f3cd2dfb919ebc4b7451253.jpg,[1.]
965,0b7b02087bf40ad1baf9b33d5c2c11dfa8eccecb.jpg,[1.]
966,18d8bc3eb13533fa62f86205a3d3fd1f41345b4b.jpg,[1.]
967,00e93901213fb80ed2ad9e9e3dd12f2eb938947f.jpg,[1.]
968,2934349b033b5bb5f72118233dd3d539b700bc7c.jpg,[1.]
969,1f178a82b9014a90c36fb799a2773912b31bee45.jpg,[1.]
970,203fb80e7bec54e7619631c6b2389b504ec26aeb.jpg,[1.]
971,241f95cad1c8a7867ca985976c09c93d71cf50ac.jpg,[1.]
972,0b55b319ebc4b74502103346c4fc1e178b8215dd.jpg,[1.]
973,0dd7912397dda144c16dac2eb9b7d0a20df486c2.jpg,[1.]
974,1b4c510fd9f9d72a240b25bfdf2a2834349bbb20.jpg,[1.]
975,060828381f30e924872278ed47086e061c95f76c.jpg,[1.]
976,0823dd54564e925860cd54c09082d158ccbf4e27.jpg,[1.]
977,0824ab18972bd4070634459270899e510eb309e9.jpg,[1.]
978,0eb30f2442a7d9333b7f3a30a64bd11372f0019a.jpg,[1.]
979,0dd7912397dda144a6ce0e34b8b7d0a20df48674.jpg,[1.]
980,09fa513d269759eebce7fc0cbbfb43166c22df46.jpg,[1.]
981,0b55b319ebc4b745e265d383c4fc1e178b8215b5.jpg,[1.]
982,03087bf40ad162d98c1ccbdf1adfa9ec8b13cd07.jpg,[1.]
983,0eb30f2442a7d9334c6e8b51a64bd11372f001c9.jpg,[1.]
984,0b46f21fbe096b63293e379207338744eaf8acc9.jpg,[1.]
985,0ff41bd5ad6eddc4bf6c5fdc32dbb6fd5266330a.jpg,[1.]
986,242dd42a2834349b39aa54dfc2ea15ce36d3be3f.jpg,[1.]
987,1e30e924b899a9017ffab02f11950a7b0308f5d8.jpg,[1.]
988,0bd162d9f2d3572c77c01fd58113632762d0c39d.jpg,[1.]
989,0df3d7ca7bcb0a468e6802a36063f6246a60afe6.jpg,[1.]
990,314e251f95cad1c800a5c184753e6709c93d5172.jpg,[1.]
991,08f790529822720e4c4024d177cb0a46f21fab0b.jpg,[1.]
992,024f78f0f736afc358a6c7c0b919ebc4b64512e8.jpg,[1.]
993,0b55b319ebc4b745ccc1e13ec4fc1e178a821544.jpg,[1.]
994,0df431adcbef7609fd251f4825dda3cc7cd99e3f.jpg,[1.]
995,0b55b319ebc4b745efdec706c3fc1e178a821553.jpg,[1.]
996,0b55b319ebc4b74527380c94c4fc1e178b821587.jpg,[1.]
997,00e93901213fb80e47f263203dd12f2eb9389421.jpg,[1.]
998,09fa513d269759ee126badd8befb43166d22dfee.jpg,[1.]
999,0df3d7ca7bcb0a468efb02066063f6246b60af30.jpg,[1.]
